onset	duration	sample	type	value
0	n/a	1	STATUS	61440
0	n/a	1	Epoch	n/a
0	n/a	1	CM_in_range	n/a
0.212890625	n/a	110	STATUS	61694
1.712890625	n/a	878	STATUS	61450
3.212890625	n/a	1646	STATUS	61463
3.580078125	n/a	1834	STATUS	61471
3.85546875	n/a	1975	STATUS	61472
4.587890625	n/a	2350	STATUS	61480
5.59765625	n/a	2867	STATUS	61490
7.22265625	n/a	3699	STATUS	61501
9.1796875	n/a	4701	STATUS	61510
9.4296875	n/a	4829	STATUS	61450
10.9296875	n/a	5597	STATUS	61463
11.296875	n/a	5785	STATUS	61471
11.572265625	n/a	5926	STATUS	61472
12.3046875	n/a	6301	STATUS	61480
13.314453125	n/a	6818	STATUS	61490
15.48828125	n/a	7931	STATUS	61501
16.6640625	n/a	8533	STATUS	61510
16.9140625	n/a	8661	STATUS	61450
18.4140625	n/a	9429	STATUS	61468
18.78125	n/a	9617	STATUS	61471
19.513671875	n/a	9992	STATUS	61472
19.7890625	n/a	10133	STATUS	61480
20.798828125	n/a	10650	STATUS	61490
22.439453125	n/a	11490	STATUS	61501
23.623046875	n/a	12096	STATUS	61511
23.873046875	n/a	12224	STATUS	61450
25.373046875	n/a	12992	STATUS	61468
25.740234375	n/a	13180	STATUS	61471
26.47265625	n/a	13555	STATUS	61472
26.748046875	n/a	13696	STATUS	61480
27.755859375	n/a	14212	STATUS	61490
29.46484375	n/a	15087	STATUS	61501
30.490234375	n/a	15612	STATUS	61510
30.740234375	n/a	15740	STATUS	61450
32.240234375	n/a	16508	STATUS	61468
32.607421875	n/a	16696	STATUS	61471
33.33984375	n/a	17071	STATUS	61472
33.615234375	n/a	17212	STATUS	61480
34.623046875	n/a	17728	STATUS	61490
36.0234375	n/a	18445	STATUS	61501
37.181640625	n/a	19038	STATUS	61510
37.431640625	n/a	19166	STATUS	61450
38.93359375	n/a	19935	STATUS	61463
39.298828125	n/a	20122	STATUS	61471
39.57421875	n/a	20263	STATUS	61472
40.30859375	n/a	20639	STATUS	61480
41.31640625	n/a	21155	STATUS	61490
42.8671875	n/a	21949	STATUS	61501
44.083984375	n/a	22572	STATUS	61511
44.333984375	n/a	22700	STATUS	61450
45.833984375	n/a	23468	STATUS	61468
46.19921875	n/a	23655	STATUS	61471
46.93359375	n/a	24031	STATUS	61472
47.208984375	n/a	24172	STATUS	61480
48.216796875	n/a	24688	STATUS	61490
49.958984375	n/a	25580	STATUS	61500
51.166015625	n/a	26198	STATUS	61510
51.416015625	n/a	26326	STATUS	61450
52.91796875	n/a	27095	STATUS	61468
53.283203125	n/a	27282	STATUS	61471
54.017578125	n/a	27658	STATUS	61472
54.29296875	n/a	27799	STATUS	61480
55.30078125	n/a	28315	STATUS	61490
57.1015625	n/a	29237	STATUS	61501
58.17578125	n/a	29787	STATUS	61511
58.42578125	n/a	29915	STATUS	61450
59.92578125	n/a	30683	STATUS	61463
60.29296875	n/a	30871	STATUS	61471
60.568359375	n/a	31012	STATUS	61472
61.30078125	n/a	31387	STATUS	61480
62.30859375	n/a	31903	STATUS	61490
63.91796875	n/a	32727	STATUS	61501
64.900390625	n/a	33230	STATUS	61510
65.150390625	n/a	33358	STATUS	61450
66.65234375	n/a	34127	STATUS	61468
67.017578125	n/a	34314	STATUS	61471
67.751953125	n/a	34690	STATUS	61472
68.02734375	n/a	34831	STATUS	61480
69.03515625	n/a	35347	STATUS	61490
70.494140625	n/a	36094	STATUS	61501
71.326171875	n/a	36520	STATUS	61511
71.576171875	n/a	36648	STATUS	61450
73.076171875	n/a	37416	STATUS	61468
73.443359375	n/a	37604	STATUS	61471
74.177734375	n/a	37980	STATUS	61472
74.451171875	n/a	38120	STATUS	61480
75.4609375	n/a	38637	STATUS	61490
77.5859375	n/a	39725	STATUS	61500
78.759765625	n/a	40326	STATUS	61510
79.009765625	n/a	40454	STATUS	61450
80.51171875	n/a	41223	STATUS	61463
80.876953125	n/a	41410	STATUS	61471
81.15234375	n/a	41551	STATUS	61472
81.88671875	n/a	41927	STATUS	61480
82.89453125	n/a	42443	STATUS	61490
84.603515625	n/a	43318	STATUS	61501
85.912109375	n/a	43988	STATUS	61510
86.162109375	n/a	44116	STATUS	61450
87.662109375	n/a	44884	STATUS	61463
88.02734375	n/a	45071	STATUS	61471
88.302734375	n/a	45212	STATUS	61472
89.037109375	n/a	45588	STATUS	61480
90.044921875	n/a	46104	STATUS	61490
91.287109375	n/a	46740	STATUS	61501
92.427734375	n/a	47324	STATUS	61511
92.677734375	n/a	47452	STATUS	61450
94.177734375	n/a	48220	STATUS	61463
94.544921875	n/a	48408	STATUS	61471
94.8203125	n/a	48549	STATUS	61472
95.552734375	n/a	48924	STATUS	61480
96.5625	n/a	49441	STATUS	61490
98.169921875	n/a	50264	STATUS	61501
99.087890625	n/a	50734	STATUS	61510
99.337890625	n/a	50862	STATUS	61450
100.837890625	n/a	51630	STATUS	61463
101.205078125	n/a	51818	STATUS	61471
101.478515625	n/a	51958	STATUS	61472
102.212890625	n/a	52334	STATUS	61480
103.220703125	n/a	52850	STATUS	61490
104.49609375	n/a	53503	STATUS	61501
105.455078125	n/a	53994	STATUS	61511
105.705078125	n/a	54122	STATUS	61450
107.205078125	n/a	54890	STATUS	61468
107.5703125	n/a	55077	STATUS	61471
108.3046875	n/a	55453	STATUS	61472
108.580078125	n/a	55594	STATUS	61480
109.587890625	n/a	56110	STATUS	61490
112.212890625	n/a	57454	STATUS	61501
113.23046875	n/a	57975	STATUS	61511
113.48046875	n/a	58103	STATUS	61450
114.98046875	n/a	58871	STATUS	61463
115.34765625	n/a	59059	STATUS	61471
115.62109375	n/a	59199	STATUS	61472
116.35546875	n/a	59575	STATUS	61480
117.36328125	n/a	60091	STATUS	61490
119.5390625	n/a	61205	STATUS	61500
120.447265625	n/a	61670	STATUS	61510
120.697265625	n/a	61798	STATUS	61450
122.197265625	n/a	62566	STATUS	61463
122.564453125	n/a	62754	STATUS	61471
122.83984375	n/a	62895	STATUS	61472
123.572265625	n/a	63270	STATUS	61480
124.580078125	n/a	63786	STATUS	61490
125.796875	n/a	64409	STATUS	61501
127.056640625	n/a	65054	STATUS	61510
127.306640625	n/a	65182	STATUS	61450
128.806640625	n/a	65950	STATUS	61463
129.173828125	n/a	66138	STATUS	61471
129.447265625	n/a	66278	STATUS	61472
130.181640625	n/a	66654	STATUS	61480
131.189453125	n/a	67170	STATUS	61490
132.97265625	n/a	68083	STATUS	61501
134.015625	n/a	68617	STATUS	61510
134.265625	n/a	68745	STATUS	61450
135.765625	n/a	69513	STATUS	61463
136.130859375	n/a	69700	STATUS	61471
136.40625	n/a	69841	STATUS	61472
137.140625	n/a	70217	STATUS	61480
138.1484375	n/a	70733	STATUS	61490
139.70703125	n/a	71531	STATUS	61501
140.6328125	n/a	72005	STATUS	61510
140.8828125	n/a	72133	STATUS	61450
142.3828125	n/a	72901	STATUS	61468
142.748046875	n/a	73088	STATUS	61471
143.482421875	n/a	73464	STATUS	61472
143.7578125	n/a	73605	STATUS	61480
144.765625	n/a	74121	STATUS	61490
146.099609375	n/a	74804	STATUS	61501
146.95703125	n/a	75243	STATUS	61510
147.20703125	n/a	75371	STATUS	61450
148.70703125	n/a	76139	STATUS	61463
149.07421875	n/a	76327	STATUS	61471
149.349609375	n/a	76468	STATUS	61472
150.08203125	n/a	76843	STATUS	61480
151.091796875	n/a	77360	STATUS	61490
152.541015625	n/a	78102	STATUS	61501
153.5078125	n/a	78597	STATUS	61510
153.7578125	n/a	78725	STATUS	61450
155.2578125	n/a	79493	STATUS	61463
155.625	n/a	79681	STATUS	61471
155.900390625	n/a	79822	STATUS	61472
156.6328125	n/a	80197	STATUS	61480
157.642578125	n/a	80714	STATUS	61490
159.724609375	n/a	81780	STATUS	61500
160.7421875	n/a	82301	STATUS	61510
160.9921875	n/a	82429	STATUS	61450
162.4921875	n/a	83197	STATUS	61463
162.859375	n/a	83385	STATUS	61471
163.134765625	n/a	83526	STATUS	61472
163.8671875	n/a	83901	STATUS	61480
164.875	n/a	84417	STATUS	61490
167.04296875	n/a	85527	STATUS	61501
167.8515625	n/a	85941	STATUS	61510
168.1015625	n/a	86069	STATUS	61450
169.6015625	n/a	86837	STATUS	61468
169.966796875	n/a	87024	STATUS	61471
170.701171875	n/a	87400	STATUS	61472
170.9765625	n/a	87541	STATUS	61480
171.984375	n/a	88057	STATUS	61490
173.96875	n/a	89073	STATUS	61500
175.310546875	n/a	89760	STATUS	61511
175.560546875	n/a	89888	STATUS	61450
177.060546875	n/a	90656	STATUS	61463
177.42578125	n/a	90843	STATUS	61471
177.701171875	n/a	90984	STATUS	61472
178.435546875	n/a	91360	STATUS	61480
179.443359375	n/a	91876	STATUS	61490
181.451171875	n/a	92904	STATUS	61501
182.302734375	n/a	93340	STATUS	61511
182.552734375	n/a	93468	STATUS	61450
184.052734375	n/a	94236	STATUS	61463
184.41796875	n/a	94423	STATUS	61471
184.693359375	n/a	94564	STATUS	61472
185.427734375	n/a	94940	STATUS	61480
186.435546875	n/a	95456	STATUS	61490
188.728515625	n/a	96630	STATUS	61501
190.27734375	n/a	97423	STATUS	61510
190.52734375	n/a	97551	STATUS	61450
192.02734375	n/a	98319	STATUS	61463
192.39453125	n/a	98507	STATUS	61471
192.669921875	n/a	98648	STATUS	61472
193.40234375	n/a	99023	STATUS	61480
194.412109375	n/a	99540	STATUS	61490
195.794921875	n/a	100248	STATUS	61501
196.685546875	n/a	100704	STATUS	61510
196.935546875	n/a	100832	STATUS	61450
198.4375	n/a	101601	STATUS	61463
198.802734375	n/a	101788	STATUS	61471
199.078125	n/a	101929	STATUS	61472
199.8125	n/a	102305	STATUS	61480
200.8203125	n/a	102821	STATUS	61490
202.904296875	n/a	103888	STATUS	61501
203.845703125	n/a	104370	STATUS	61510
204.095703125	n/a	104498	STATUS	61450
205.595703125	n/a	105266	STATUS	61463
205.962890625	n/a	105454	STATUS	61471
206.236328125	n/a	105594	STATUS	61472
206.970703125	n/a	105970	STATUS	61480
207.978515625	n/a	106486	STATUS	61490
209.6875	n/a	107361	STATUS	61500
211.26171875	n/a	108167	STATUS	61511
211.51171875	n/a	108295	STATUS	61450
213.013671875	n/a	109064	STATUS	61463
213.37890625	n/a	109251	STATUS	61471
213.654296875	n/a	109392	STATUS	61472
214.388671875	n/a	109768	STATUS	61480
215.396484375	n/a	110284	STATUS	61490
216.845703125	n/a	111026	STATUS	61501
217.98828125	n/a	111611	STATUS	61510
218.23828125	n/a	111739	STATUS	61450
219.73828125	n/a	112507	STATUS	61463
220.10546875	n/a	112695	STATUS	61471
220.380859375	n/a	112836	STATUS	61472
221.11328125	n/a	113211	STATUS	61480
222.12109375	n/a	113727	STATUS	61490
222.712890625	n/a	114030	STATUS	61500
224.62109375	n/a	115007	STATUS	61511
224.87109375	n/a	115135	STATUS	61450
226.373046875	n/a	115904	STATUS	61463
226.73828125	n/a	116091	STATUS	61471
227.013671875	n/a	116232	STATUS	61472
227.748046875	n/a	116608	STATUS	61480
228.755859375	n/a	117124	STATUS	61490
230.439453125	n/a	117986	STATUS	61501
231.513671875	n/a	118536	STATUS	61510
231.763671875	n/a	118664	STATUS	61450
233.263671875	n/a	119432	STATUS	61463
233.630859375	n/a	119620	STATUS	61471
233.90625	n/a	119761	STATUS	61472
234.638671875	n/a	120136	STATUS	61480
235.6484375	n/a	120653	STATUS	61490
237.181640625	n/a	121438	STATUS	61501
238.03125	n/a	121873	STATUS	61510
238.28125	n/a	122001	STATUS	61450
239.78125	n/a	122769	STATUS	61468
240.1484375	n/a	122957	STATUS	61471
240.880859375	n/a	123332	STATUS	61472
241.15625	n/a	123473	STATUS	61480
242.1640625	n/a	123989	STATUS	61490
243.798828125	n/a	124826	STATUS	61501
244.7578125	n/a	125317	STATUS	61511
245.0078125	n/a	125445	STATUS	61450
246.5078125	n/a	126213	STATUS	61463
246.873046875	n/a	126400	STATUS	61471
247.1484375	n/a	126541	STATUS	61472
247.8828125	n/a	126917	STATUS	61480
248.890625	n/a	127433	STATUS	61490
251.158203125	n/a	128594	STATUS	61501
252.07421875	n/a	129063	STATUS	61511
252.32421875	n/a	129191	STATUS	61450
253.82421875	n/a	129959	STATUS	61463
254.19140625	n/a	130147	STATUS	61471
254.466796875	n/a	130288	STATUS	61472
255.19921875	n/a	130663	STATUS	61480
256.20703125	n/a	131179	STATUS	61490
258.107421875	n/a	132152	STATUS	61500
259.291015625	n/a	132758	STATUS	61511
259.541015625	n/a	132886	STATUS	61450
261.041015625	n/a	133654	STATUS	61468
261.408203125	n/a	133842	STATUS	61471
262.140625	n/a	134217	STATUS	61472
262.416015625	n/a	134358	STATUS	61480
263.42578125	n/a	134875	STATUS	61490
264.7421875	n/a	135549	STATUS	61501
265.5078125	n/a	135941	STATUS	61511
265.7578125	n/a	136069	STATUS	61450
267.2578125	n/a	136837	STATUS	61468
267.625	n/a	137025	STATUS	61471
268.359375	n/a	137401	STATUS	61472
268.6328125	n/a	137541	STATUS	61480
269.642578125	n/a	138058	STATUS	61490
271.2421875	n/a	138877	STATUS	61501
271.9921875	n/a	139261	STATUS	61511
282.65234375	n/a	144719	STATUS	61694
284.15234375	n/a	145487	STATUS	61450
285.65234375	n/a	146255	STATUS	61463
286.017578125	n/a	146442	STATUS	61471
286.29296875	n/a	146583	STATUS	61472
287.02734375	n/a	146959	STATUS	61480
288.03515625	n/a	147475	STATUS	61490
289.884765625	n/a	148422	STATUS	61501
290.96875	n/a	148977	STATUS	61510
291.21875	n/a	149105	STATUS	61450
292.71875	n/a	149873	STATUS	61468
293.0859375	n/a	150061	STATUS	61471
293.818359375	n/a	150436	STATUS	61472
294.09375	n/a	150577	STATUS	61480
295.1015625	n/a	151093	STATUS	61490
296.685546875	n/a	151904	STATUS	61501
298.03515625	n/a	152595	STATUS	61510
298.28515625	n/a	152723	STATUS	61450
299.78515625	n/a	153491	STATUS	61468
300.15234375	n/a	153679	STATUS	61471
300.88671875	n/a	154055	STATUS	61472
301.162109375	n/a	154196	STATUS	61480
302.169921875	n/a	154712	STATUS	61490
303.62890625	n/a	155459	STATUS	61501
304.419921875	n/a	155864	STATUS	61511
304.669921875	n/a	155992	STATUS	61450
306.169921875	n/a	156760	STATUS	61468
306.537109375	n/a	156948	STATUS	61471
307.26953125	n/a	157323	STATUS	61472
307.544921875	n/a	157464	STATUS	61480
308.552734375	n/a	157980	STATUS	61490
310.095703125	n/a	158770	STATUS	61501
311.337890625	n/a	159406	STATUS	61510
311.587890625	n/a	159534	STATUS	61450
313.087890625	n/a	160302	STATUS	61468
313.453125	n/a	160489	STATUS	61471
314.1875	n/a	160865	STATUS	61472
314.462890625	n/a	161006	STATUS	61480
315.470703125	n/a	161522	STATUS	61490
316.62109375	n/a	162111	STATUS	61501
318.330078125	n/a	162986	STATUS	61511
318.580078125	n/a	163114	STATUS	61450
320.080078125	n/a	163882	STATUS	61468
320.4453125	n/a	164069	STATUS	61471
321.1796875	n/a	164445	STATUS	61472
321.455078125	n/a	164586	STATUS	61480
322.462890625	n/a	165102	STATUS	61490
323.99609375	n/a	165887	STATUS	61500
324.947265625	n/a	166374	STATUS	61511
325.197265625	n/a	166502	STATUS	61450
326.697265625	n/a	167270	STATUS	61463
327.0625	n/a	167457	STATUS	61471
327.337890625	n/a	167598	STATUS	61472
328.072265625	n/a	167974	STATUS	61480
329.080078125	n/a	168490	STATUS	61490
330.888671875	n/a	169416	STATUS	61501
331.8046875	n/a	169885	STATUS	61510
332.0546875	n/a	170013	STATUS	61450
333.5546875	n/a	170781	STATUS	61463
333.921875	n/a	170969	STATUS	61471
334.197265625	n/a	171110	STATUS	61472
334.9296875	n/a	171485	STATUS	61480
335.939453125	n/a	172002	STATUS	61490
337.306640625	n/a	172702	STATUS	61501
338.197265625	n/a	173158	STATUS	61511
338.447265625	n/a	173286	STATUS	61450
339.947265625	n/a	174054	STATUS	61463
340.314453125	n/a	174242	STATUS	61471
340.58984375	n/a	174383	STATUS	61472
341.322265625	n/a	174758	STATUS	61480
342.33203125	n/a	175275	STATUS	61490
344.0234375	n/a	176141	STATUS	61501
344.90625	n/a	176593	STATUS	61511
345.15625	n/a	176721	STATUS	61450
346.65625	n/a	177489	STATUS	61463
347.0234375	n/a	177677	STATUS	61471
347.298828125	n/a	177818	STATUS	61472
348.03125	n/a	178193	STATUS	61480
349.0390625	n/a	178709	STATUS	61490
351.255859375	n/a	179844	STATUS	61501
352.3984375	n/a	180429	STATUS	61511
352.6484375	n/a	180557	STATUS	61450
354.1484375	n/a	181325	STATUS	61468
354.515625	n/a	181513	STATUS	61471
355.248046875	n/a	181888	STATUS	61472
355.5234375	n/a	182029	STATUS	61480
356.53125	n/a	182545	STATUS	61490
358.123046875	n/a	183360	STATUS	61501
358.974609375	n/a	183796	STATUS	61511
359.224609375	n/a	183924	STATUS	61450
360.724609375	n/a	184692	STATUS	61463
361.091796875	n/a	184880	STATUS	61471
361.365234375	n/a	185020	STATUS	61472
362.099609375	n/a	185396	STATUS	61480
363.107421875	n/a	185912	STATUS	61490
364.8828125	n/a	186821	STATUS	61500
365.57421875	n/a	187175	STATUS	61511
365.82421875	n/a	187303	STATUS	61450
367.32421875	n/a	188071	STATUS	61463
367.69140625	n/a	188259	STATUS	61471
367.966796875	n/a	188400	STATUS	61472
368.69921875	n/a	188775	STATUS	61480
369.708984375	n/a	189292	STATUS	61490
371.400390625	n/a	190158	STATUS	61501
373.1328125	n/a	191045	STATUS	61511
373.3828125	n/a	191173	STATUS	61450
374.8828125	n/a	191941	STATUS	61468
375.25	n/a	192129	STATUS	61471
375.984375	n/a	192505	STATUS	61472
376.2578125	n/a	192645	STATUS	61480
377.267578125	n/a	193162	STATUS	61490
378.716796875	n/a	193904	STATUS	61501
379.466796875	n/a	194288	STATUS	61511
379.716796875	n/a	194416	STATUS	61450
381.216796875	n/a	195184	STATUS	61463
381.583984375	n/a	195372	STATUS	61471
381.859375	n/a	195513	STATUS	61472
382.591796875	n/a	195888	STATUS	61480
383.6015625	n/a	196405	STATUS	61490
385.009765625	n/a	197126	STATUS	61501
385.892578125	n/a	197578	STATUS	61510
386.142578125	n/a	197706	STATUS	61450
387.642578125	n/a	198474	STATUS	61463
388.009765625	n/a	198662	STATUS	61471
388.28515625	n/a	198803	STATUS	61472
389.017578125	n/a	199178	STATUS	61480
390.02734375	n/a	199695	STATUS	61490
391.30078125	n/a	200347	STATUS	61501
392.017578125	n/a	200714	STATUS	61511
392.267578125	n/a	200842	STATUS	61450
393.767578125	n/a	201610	STATUS	61468
394.134765625	n/a	201798	STATUS	61471
394.869140625	n/a	202174	STATUS	61472
395.142578125	n/a	202314	STATUS	61480
396.15234375	n/a	202831	STATUS	61490
397.443359375	n/a	203492	STATUS	61501
398.244140625	n/a	203902	STATUS	61511
398.494140625	n/a	204030	STATUS	61450
399.994140625	n/a	204798	STATUS	61463
400.361328125	n/a	204986	STATUS	61471
400.634765625	n/a	205126	STATUS	61472
401.369140625	n/a	205502	STATUS	61480
402.376953125	n/a	206018	STATUS	61490
403.818359375	n/a	206756	STATUS	61500
404.63671875	n/a	207175	STATUS	61510
404.88671875	n/a	207303	STATUS	61450
406.38671875	n/a	208071	STATUS	61463
406.751953125	n/a	208258	STATUS	61471
407.02734375	n/a	208399	STATUS	61472
407.76171875	n/a	208775	STATUS	61480
408.76953125	n/a	209291	STATUS	61490
410.236328125	n/a	210042	STATUS	61501
410.978515625	n/a	210422	STATUS	61511
411.228515625	n/a	210550	STATUS	61450
412.728515625	n/a	211318	STATUS	61463
413.095703125	n/a	211506	STATUS	61471
413.369140625	n/a	211646	STATUS	61472
414.103515625	n/a	212022	STATUS	61480
415.111328125	n/a	212538	STATUS	61490
416.63671875	n/a	213319	STATUS	61501
417.3203125	n/a	213669	STATUS	61510
417.5703125	n/a	213797	STATUS	61450
419.0703125	n/a	214565	STATUS	61463
419.4375	n/a	214753	STATUS	61471
419.712890625	n/a	214894	STATUS	61472
420.4453125	n/a	215269	STATUS	61480
421.453125	n/a	215785	STATUS	61490
423.74609375	n/a	216959	STATUS	61501
424.37890625	n/a	217283	STATUS	61510
424.62890625	n/a	217411	STATUS	61450
426.12890625	n/a	218179	STATUS	61463
426.49609375	n/a	218367	STATUS	61471
426.771484375	n/a	218508	STATUS	61472
427.50390625	n/a	218883	STATUS	61480
428.513671875	n/a	219400	STATUS	61490
429.046875	n/a	219673	STATUS	61500
430.23046875	n/a	220279	STATUS	61511
430.48046875	n/a	220407	STATUS	61450
431.98046875	n/a	221175	STATUS	61468
432.345703125	n/a	221362	STATUS	61471
433.080078125	n/a	221738	STATUS	61472
433.35546875	n/a	221879	STATUS	61480
434.36328125	n/a	222395	STATUS	61490
436.447265625	n/a	223462	STATUS	61501
437.146484375	n/a	223820	STATUS	61510
437.396484375	n/a	223948	STATUS	61450
438.896484375	n/a	224716	STATUS	61463
439.263671875	n/a	224904	STATUS	61471
439.5390625	n/a	225045	STATUS	61472
440.271484375	n/a	225420	STATUS	61480
441.28125	n/a	225937	STATUS	61490
443.15625	n/a	226897	STATUS	61501
444.380859375	n/a	227524	STATUS	61510
444.630859375	n/a	227652	STATUS	61450
446.130859375	n/a	228420	STATUS	61468
446.498046875	n/a	228608	STATUS	61471
447.23046875	n/a	228983	STATUS	61472
447.505859375	n/a	229124	STATUS	61480
448.513671875	n/a	229640	STATUS	61490
450.0234375	n/a	230413	STATUS	61501
450.822265625	n/a	230822	STATUS	61511
451.072265625	n/a	230950	STATUS	61450
452.572265625	n/a	231718	STATUS	61463
452.939453125	n/a	231906	STATUS	61471
453.21484375	n/a	232047	STATUS	61472
453.947265625	n/a	232422	STATUS	61480
454.95703125	n/a	232939	STATUS	61490
456.857421875	n/a	233912	STATUS	61501
457.689453125	n/a	234338	STATUS	61511
457.939453125	n/a	234466	STATUS	61450
459.439453125	n/a	235234	STATUS	61463
459.806640625	n/a	235422	STATUS	61471
460.08203125	n/a	235563	STATUS	61472
460.814453125	n/a	235938	STATUS	61480
461.82421875	n/a	236455	STATUS	61490
463.607421875	n/a	237368	STATUS	61500
464.349609375	n/a	237748	STATUS	61510
464.599609375	n/a	237876	STATUS	61450
466.099609375	n/a	238644	STATUS	61468
466.46484375	n/a	238831	STATUS	61471
467.19921875	n/a	239207	STATUS	61472
467.474609375	n/a	239348	STATUS	61480
468.482421875	n/a	239864	STATUS	61490
470.783203125	n/a	241042	STATUS	61500
471.68359375	n/a	241503	STATUS	61510
471.93359375	n/a	241631	STATUS	61450
473.43359375	n/a	242399	STATUS	61463
473.798828125	n/a	242586	STATUS	61471
474.07421875	n/a	242727	STATUS	61472
474.80859375	n/a	243103	STATUS	61480
475.81640625	n/a	243619	STATUS	61490
477.44140625	n/a	244451	STATUS	61501
478.43359375	n/a	244959	STATUS	61510
478.68359375	n/a	245087	STATUS	61450
480.18359375	n/a	245855	STATUS	61463
480.55078125	n/a	246043	STATUS	61471
480.82421875	n/a	246183	STATUS	61472
481.55859375	n/a	246559	STATUS	61480
482.56640625	n/a	247075	STATUS	61490
484.400390625	n/a	248014	STATUS	61501
485.341796875	n/a	248496	STATUS	61510
485.591796875	n/a	248624	STATUS	61450
487.091796875	n/a	249392	STATUS	61468
487.458984375	n/a	249580	STATUS	61471
488.19140625	n/a	249955	STATUS	61472
488.466796875	n/a	250096	STATUS	61480
489.4765625	n/a	250613	STATUS	61490
491.318359375	n/a	251556	STATUS	61501
492.04296875	n/a	251927	STATUS	61511
492.29296875	n/a	252055	STATUS	61450
493.79296875	n/a	252823	STATUS	61463
494.16015625	n/a	253011	STATUS	61471
494.43359375	n/a	253151	STATUS	61472
495.16796875	n/a	253527	STATUS	61480
496.17578125	n/a	254043	STATUS	61490
498.201171875	n/a	255080	STATUS	61501
499.29296875	n/a	255639	STATUS	61511
499.54296875	n/a	255767	STATUS	61450
501.04296875	n/a	256535	STATUS	61468
501.41015625	n/a	256723	STATUS	61471
502.142578125	n/a	257098	STATUS	61472
502.41796875	n/a	257239	STATUS	61480
503.427734375	n/a	257756	STATUS	61490
505.6015625	n/a	258869	STATUS	61501
506.310546875	n/a	259232	STATUS	61510
506.560546875	n/a	259360	STATUS	61450
508.060546875	n/a	260128	STATUS	61463
508.427734375	n/a	260316	STATUS	61471
508.703125	n/a	260457	STATUS	61472
509.435546875	n/a	260832	STATUS	61480
510.443359375	n/a	261348	STATUS	61490
512.39453125	n/a	262347	STATUS	61501
513.111328125	n/a	262714	STATUS	61510
513.361328125	n/a	262842	STATUS	61450
514.861328125	n/a	263610	STATUS	61463
515.228515625	n/a	263798	STATUS	61471
515.501953125	n/a	263938	STATUS	61472
516.236328125	n/a	264314	STATUS	61480
517.244140625	n/a	264830	STATUS	61490
518.76171875	n/a	265607	STATUS	61500
519.435546875	n/a	265952	STATUS	61510
519.685546875	n/a	266080	STATUS	61450
521.1875	n/a	266849	STATUS	61463
521.552734375	n/a	267036	STATUS	61471
521.828125	n/a	267177	STATUS	61472
522.5625	n/a	267553	STATUS	61480
523.5703125	n/a	268069	STATUS	61490
524.904296875	n/a	268752	STATUS	61501
525.861328125	n/a	269242	STATUS	61510
526.111328125	n/a	269370	STATUS	61450
527.611328125	n/a	270138	STATUS	61463
527.978515625	n/a	270326	STATUS	61471
528.25390625	n/a	270467	STATUS	61472
528.986328125	n/a	270842	STATUS	61480
529.99609375	n/a	271359	STATUS	61490
533.095703125	n/a	272946	STATUS	61500
533.9375	n/a	273377	STATUS	61510
534.1875	n/a	273505	STATUS	61450
535.6875	n/a	274273	STATUS	61463
536.0546875	n/a	274461	STATUS	61471
536.330078125	n/a	274602	STATUS	61472
537.0625	n/a	274977	STATUS	61480
538.0703125	n/a	275493	STATUS	61490
540.330078125	n/a	276650	STATUS	61501
541.212890625	n/a	277102	STATUS	61511
541.462890625	n/a	277230	STATUS	61450
542.962890625	n/a	277998	STATUS	61463
543.330078125	n/a	278186	STATUS	61471
543.60546875	n/a	278327	STATUS	61472
544.337890625	n/a	278702	STATUS	61480
545.34765625	n/a	279219	STATUS	61490
547.23828125	n/a	280187	STATUS	61501
548.080078125	n/a	280618	STATUS	61510
557.123046875	n/a	285248	STATUS	61694
558.623046875	n/a	286016	STATUS	61450
560.123046875	n/a	286784	STATUS	61468
560.490234375	n/a	286972	STATUS	61471
561.22265625	n/a	287347	STATUS	61472
561.498046875	n/a	287488	STATUS	61480
562.505859375	n/a	288004	STATUS	61490
563.59765625	n/a	288563	STATUS	61501
563.97265625	n/a	288755	STATUS	61511
564.22265625	n/a	288883	STATUS	61450
565.72265625	n/a	289651	STATUS	61463
566.08984375	n/a	289839	STATUS	61471
566.365234375	n/a	289980	STATUS	61472
567.09765625	n/a	290355	STATUS	61480
568.107421875	n/a	290872	STATUS	61490
569.865234375	n/a	291772	STATUS	61501
570.474609375	n/a	292084	STATUS	61511
570.724609375	n/a	292212	STATUS	61450
572.224609375	n/a	292980	STATUS	61463
572.58984375	n/a	293167	STATUS	61471
572.865234375	n/a	293308	STATUS	61472
573.599609375	n/a	293684	STATUS	61480
574.607421875	n/a	294200	STATUS	61490
575.990234375	n/a	294908	STATUS	61501
576.482421875	n/a	295160	STATUS	61510
576.732421875	n/a	295288	STATUS	61450
578.232421875	n/a	296056	STATUS	61463
578.599609375	n/a	296244	STATUS	61471
578.875	n/a	296385	STATUS	61472
579.607421875	n/a	296760	STATUS	61480
580.615234375	n/a	297276	STATUS	61490
581.966796875	n/a	297968	STATUS	61501
582.44140625	n/a	298211	STATUS	61511
582.69140625	n/a	298339	STATUS	61450
584.19140625	n/a	299107	STATUS	61463
584.55859375	n/a	299295	STATUS	61471
584.833984375	n/a	299436	STATUS	61472
585.56640625	n/a	299811	STATUS	61480
586.57421875	n/a	300327	STATUS	61490
588.07421875	n/a	301095	STATUS	61501
588.708984375	n/a	301420	STATUS	61511
588.958984375	n/a	301548	STATUS	61450
590.458984375	n/a	302316	STATUS	61463
590.826171875	n/a	302504	STATUS	61471
591.099609375	n/a	302644	STATUS	61472
591.833984375	n/a	303020	STATUS	61480
592.841796875	n/a	303536	STATUS	61490
594.517578125	n/a	304394	STATUS	61500
595.109375	n/a	304697	STATUS	61511
595.359375	n/a	304825	STATUS	61450
596.859375	n/a	305593	STATUS	61468
597.2265625	n/a	305781	STATUS	61471
597.958984375	n/a	306156	STATUS	61472
598.234375	n/a	306297	STATUS	61480
599.2421875	n/a	306813	STATUS	61490
600.400390625	n/a	307406	STATUS	61501
601.083984375	n/a	307756	STATUS	61511
601.333984375	n/a	307884	STATUS	61450
602.833984375	n/a	308652	STATUS	61463
603.201171875	n/a	308840	STATUS	61471
603.4765625	n/a	308981	STATUS	61472
604.208984375	n/a	309356	STATUS	61480
605.21875	n/a	309873	STATUS	61490
607.984375	n/a	311289	STATUS	61501
608.642578125	n/a	311626	STATUS	61510
608.892578125	n/a	311754	STATUS	61450
610.392578125	n/a	312522	STATUS	61468
610.759765625	n/a	312710	STATUS	61471
611.494140625	n/a	313086	STATUS	61472
611.76953125	n/a	313227	STATUS	61480
612.77734375	n/a	313743	STATUS	61490
614.16796875	n/a	314455	STATUS	61501
614.78515625	n/a	314771	STATUS	61511
615.03515625	n/a	314899	STATUS	61450
616.53515625	n/a	315667	STATUS	61468
616.90234375	n/a	315855	STATUS	61471
617.634765625	n/a	316230	STATUS	61472
617.91015625	n/a	316371	STATUS	61480
618.919921875	n/a	316888	STATUS	61490
619.828125	n/a	317353	STATUS	61501
620.376953125	n/a	317634	STATUS	61511
620.626953125	n/a	317762	STATUS	61450
622.126953125	n/a	318530	STATUS	61468
622.494140625	n/a	318718	STATUS	61471
623.228515625	n/a	319094	STATUS	61472
623.501953125	n/a	319234	STATUS	61480
624.51171875	n/a	319751	STATUS	61490
625.4609375	n/a	320237	STATUS	61501
625.869140625	n/a	320446	STATUS	61511
626.119140625	n/a	320574	STATUS	61450
627.619140625	n/a	321342	STATUS	61463
627.986328125	n/a	321530	STATUS	61471
628.26171875	n/a	321671	STATUS	61472
628.994140625	n/a	322046	STATUS	61480
630.00390625	n/a	322563	STATUS	61490
630.994140625	n/a	323070	STATUS	61500
631.5625	n/a	323361	STATUS	61510
631.8125	n/a	323489	STATUS	61450
633.3125	n/a	324257	STATUS	61463
633.677734375	n/a	324444	STATUS	61471
633.953125	n/a	324585	STATUS	61472
634.6875	n/a	324961	STATUS	61480
635.6953125	n/a	325477	STATUS	61490
636.771484375	n/a	326028	STATUS	61501
637.3046875	n/a	326301	STATUS	61511
637.5546875	n/a	326429	STATUS	61450
639.0546875	n/a	327197	STATUS	61463
639.419921875	n/a	327384	STATUS	61471
639.6953125	n/a	327525	STATUS	61472
640.4296875	n/a	327901	STATUS	61480
641.4375	n/a	328417	STATUS	61490
642.75390625	n/a	329091	STATUS	61501
643.095703125	n/a	329266	STATUS	61510
643.345703125	n/a	329394	STATUS	61450
644.845703125	n/a	330162	STATUS	61468
645.212890625	n/a	330350	STATUS	61471
645.9453125	n/a	330725	STATUS	61472
646.220703125	n/a	330866	STATUS	61480
647.23046875	n/a	331383	STATUS	61490
648.572265625	n/a	332070	STATUS	61500
649.74609375	n/a	332671	STATUS	61511
649.99609375	n/a	332799	STATUS	61450
651.49609375	n/a	333567	STATUS	61463
651.86328125	n/a	333755	STATUS	61471
652.138671875	n/a	333896	STATUS	61472
652.87109375	n/a	334271	STATUS	61480
653.880859375	n/a	334788	STATUS	61490
655.572265625	n/a	335654	STATUS	61501
656.205078125	n/a	335978	STATUS	61511
656.455078125	n/a	336106	STATUS	61450
657.955078125	n/a	336874	STATUS	61463
658.322265625	n/a	337062	STATUS	61471
658.59765625	n/a	337203	STATUS	61472
659.330078125	n/a	337578	STATUS	61480
660.33984375	n/a	338095	STATUS	61490
661.73828125	n/a	338811	STATUS	61501
662.35546875	n/a	339127	STATUS	61510
662.60546875	n/a	339255	STATUS	61450
664.10546875	n/a	340023	STATUS	61468
664.47265625	n/a	340211	STATUS	61471
665.20703125	n/a	340587	STATUS	61472
665.48046875	n/a	340727	STATUS	61480
666.490234375	n/a	341244	STATUS	61490
667.748046875	n/a	341888	STATUS	61501
668.365234375	n/a	342204	STATUS	61511
668.615234375	n/a	342332	STATUS	61450
670.115234375	n/a	343100	STATUS	61463
670.482421875	n/a	343288	STATUS	61471
670.755859375	n/a	343428	STATUS	61472
671.490234375	n/a	343804	STATUS	61480
672.498046875	n/a	344320	STATUS	61490
673.890625	n/a	345033	STATUS	61501
674.357421875	n/a	345272	STATUS	61511
674.607421875	n/a	345400	STATUS	61450
676.107421875	n/a	346168	STATUS	61463
676.47265625	n/a	346355	STATUS	61471
676.748046875	n/a	346496	STATUS	61472
677.482421875	n/a	346872	STATUS	61480
678.490234375	n/a	347388	STATUS	61490
679.95703125	n/a	348139	STATUS	61501
680.541015625	n/a	348438	STATUS	61510
680.791015625	n/a	348566	STATUS	61450
682.291015625	n/a	349334	STATUS	61468
682.658203125	n/a	349522	STATUS	61471
683.390625	n/a	349897	STATUS	61472
683.666015625	n/a	350038	STATUS	61480
684.673828125	n/a	350554	STATUS	61490
686.44921875	n/a	351463	STATUS	61501
687.107421875	n/a	351800	STATUS	61511
687.357421875	n/a	351928	STATUS	61450
688.857421875	n/a	352696	STATUS	61463
689.224609375	n/a	352884	STATUS	61471
689.5	n/a	353025	STATUS	61472
690.232421875	n/a	353400	STATUS	61480
691.2421875	n/a	353917	STATUS	61490
692.3671875	n/a	354493	STATUS	61501
693.015625	n/a	354825	STATUS	61510
693.265625	n/a	354953	STATUS	61450
694.767578125	n/a	355722	STATUS	61468
695.1328125	n/a	355909	STATUS	61471
695.8671875	n/a	356285	STATUS	61472
696.142578125	n/a	356426	STATUS	61480
697.150390625	n/a	356942	STATUS	61490
698.234375	n/a	357497	STATUS	61501
698.701171875	n/a	357736	STATUS	61511
698.951171875	n/a	357864	STATUS	61450
700.451171875	n/a	358632	STATUS	61463
700.81640625	n/a	358819	STATUS	61471
701.091796875	n/a	358960	STATUS	61472
701.826171875	n/a	359336	STATUS	61480
702.833984375	n/a	359852	STATUS	61490
704.16796875	n/a	360535	STATUS	61501
704.75	n/a	360833	STATUS	61510
705	n/a	360961	STATUS	61450
706.5	n/a	361729	STATUS	61463
706.8671875	n/a	361917	STATUS	61471
707.142578125	n/a	362058	STATUS	61472
707.876953125	n/a	362434	STATUS	61480
708.884765625	n/a	362950	STATUS	61490
710.201171875	n/a	363624	STATUS	61501
710.501953125	n/a	363778	STATUS	61510
710.751953125	n/a	363906	STATUS	61450
712.251953125	n/a	364674	STATUS	61463
712.6171875	n/a	364861	STATUS	61471
712.892578125	n/a	365002	STATUS	61472
713.626953125	n/a	365378	STATUS	61480
714.634765625	n/a	365894	STATUS	61490
716.494140625	n/a	366846	STATUS	61500
717.109375	n/a	367161	STATUS	61510
717.359375	n/a	367289	STATUS	61450
718.859375	n/a	368057	STATUS	61468
719.2265625	n/a	368245	STATUS	61471
719.9609375	n/a	368621	STATUS	61472
720.234375	n/a	368761	STATUS	61480
721.244140625	n/a	369278	STATUS	61490
722.54296875	n/a	369943	STATUS	61501
723.185546875	n/a	370272	STATUS	61511
723.435546875	n/a	370400	STATUS	61450
724.935546875	n/a	371168	STATUS	61463
725.302734375	n/a	371356	STATUS	61471
725.578125	n/a	371497	STATUS	61472
726.310546875	n/a	371872	STATUS	61480
727.318359375	n/a	372388	STATUS	61490
728.7109375	n/a	373101	STATUS	61501
729.40234375	n/a	373455	STATUS	61510
729.65234375	n/a	373583	STATUS	61450
731.15234375	n/a	374351	STATUS	61468
731.51953125	n/a	374539	STATUS	61471
732.251953125	n/a	374914	STATUS	61472
732.52734375	n/a	375055	STATUS	61480
733.537109375	n/a	375572	STATUS	61490
734.810546875	n/a	376224	STATUS	61501
736.9375	n/a	377313	STATUS	61510
737.1875	n/a	377441	STATUS	61450
738.6875	n/a	378209	STATUS	61463
739.052734375	n/a	378396	STATUS	61471
739.328125	n/a	378537	STATUS	61472
740.0625	n/a	378913	STATUS	61480
741.0703125	n/a	379429	STATUS	61490
744.044921875	n/a	380952	STATUS	61500
744.712890625	n/a	381294	STATUS	61510
744.962890625	n/a	381422	STATUS	61450
746.462890625	n/a	382190	STATUS	61463
746.828125	n/a	382377	STATUS	61471
747.103515625	n/a	382518	STATUS	61472
747.837890625	n/a	382894	STATUS	61480
748.845703125	n/a	383410	STATUS	61490
750.978515625	n/a	384502	STATUS	61500
751.763671875	n/a	384904	STATUS	61510
752.013671875	n/a	385032	STATUS	61450
753.513671875	n/a	385800	STATUS	61463
753.87890625	n/a	385987	STATUS	61471
754.154296875	n/a	386128	STATUS	61472
754.888671875	n/a	386504	STATUS	61480
755.896484375	n/a	387020	STATUS	61490
757.73828125	n/a	387963	STATUS	61501
758.455078125	n/a	388330	STATUS	61511
758.705078125	n/a	388458	STATUS	61450
760.205078125	n/a	389226	STATUS	61468
760.572265625	n/a	389414	STATUS	61471
761.3046875	n/a	389789	STATUS	61472
761.580078125	n/a	389930	STATUS	61480
762.587890625	n/a	390446	STATUS	61490
763.947265625	n/a	391142	STATUS	61501
764.646484375	n/a	391500	STATUS	61511
764.896484375	n/a	391628	STATUS	61450
766.396484375	n/a	392396	STATUS	61463
766.763671875	n/a	392584	STATUS	61471
767.0390625	n/a	392725	STATUS	61472
767.771484375	n/a	393100	STATUS	61480
768.78125	n/a	393617	STATUS	61490
770.255859375	n/a	394372	STATUS	61500
771.005859375	n/a	394756	STATUS	61510
771.255859375	n/a	394884	STATUS	61450
772.755859375	n/a	395652	STATUS	61463
773.123046875	n/a	395840	STATUS	61471
773.3984375	n/a	395981	STATUS	61472
774.130859375	n/a	396356	STATUS	61480
775.138671875	n/a	396872	STATUS	61490
776.8984375	n/a	397773	STATUS	61501
777.53125	n/a	398097	STATUS	61510
777.78125	n/a	398225	STATUS	61450
779.28125	n/a	398993	STATUS	61468
779.6484375	n/a	399181	STATUS	61471
780.380859375	n/a	399556	STATUS	61472
780.65625	n/a	399697	STATUS	61480
781.666015625	n/a	400214	STATUS	61490
783.33203125	n/a	401067	STATUS	61501
784.33203125	n/a	401579	STATUS	61511
784.58203125	n/a	401707	STATUS	61450
786.08203125	n/a	402475	STATUS	61463
786.44921875	n/a	402663	STATUS	61471
786.724609375	n/a	402804	STATUS	61472
787.45703125	n/a	403179	STATUS	61480
788.46484375	n/a	403695	STATUS	61490
790.0234375	n/a	404493	STATUS	61501
790.71484375	n/a	404847	STATUS	61511
790.96484375	n/a	404975	STATUS	61450
792.466796875	n/a	405744	STATUS	61463
792.83203125	n/a	405931	STATUS	61471
793.107421875	n/a	406072	STATUS	61472
793.841796875	n/a	406448	STATUS	61480
794.849609375	n/a	406964	STATUS	61490
796.798828125	n/a	407962	STATUS	61501
797.56640625	n/a	408355	STATUS	61510
797.81640625	n/a	408483	STATUS	61450
799.31640625	n/a	409251	STATUS	61463
799.68359375	n/a	409439	STATUS	61471
799.958984375	n/a	409580	STATUS	61472
800.69140625	n/a	409955	STATUS	61480
801.69921875	n/a	410471	STATUS	61490
803.32421875	n/a	411303	STATUS	61501
803.80859375	n/a	411551	STATUS	61510
812.509765625	n/a	416006	STATUS	61694
814.009765625	n/a	416774	STATUS	61450
815.509765625	n/a	417542	STATUS	61468
815.876953125	n/a	417730	STATUS	61471
816.609375	n/a	418105	STATUS	61472
816.884765625	n/a	418246	STATUS	61480
817.892578125	n/a	418762	STATUS	61490
819.310546875	n/a	419488	STATUS	61501
819.91796875	n/a	419799	STATUS	61511
820.16796875	n/a	419927	STATUS	61450
821.66796875	n/a	420695	STATUS	61463
822.03515625	n/a	420883	STATUS	61471
822.310546875	n/a	421024	STATUS	61472
823.04296875	n/a	421399	STATUS	61480
824.05078125	n/a	421915	STATUS	61490
824.78515625	n/a	422291	STATUS	61501
826.03515625	n/a	422931	STATUS	61511
826.28515625	n/a	423059	STATUS	61450
827.78515625	n/a	423827	STATUS	61463
828.15234375	n/a	424015	STATUS	61471
828.427734375	n/a	424156	STATUS	61472
829.16015625	n/a	424531	STATUS	61480
830.16796875	n/a	425047	STATUS	61490
831.27734375	n/a	425615	STATUS	61501
832.068359375	n/a	426020	STATUS	61510
832.318359375	n/a	426148	STATUS	61450
833.818359375	n/a	426916	STATUS	61463
834.185546875	n/a	427104	STATUS	61471
834.4609375	n/a	427245	STATUS	61472
835.193359375	n/a	427620	STATUS	61480
836.203125	n/a	428137	STATUS	61490
837.15234375	n/a	428623	STATUS	61501
837.626953125	n/a	428866	STATUS	61510
837.876953125	n/a	428994	STATUS	61450
839.376953125	n/a	429762	STATUS	61463
839.744140625	n/a	429950	STATUS	61471
840.01953125	n/a	430091	STATUS	61472
840.75390625	n/a	430467	STATUS	61480
841.76171875	n/a	430983	STATUS	61490
843.228515625	n/a	431734	STATUS	61500
843.861328125	n/a	432058	STATUS	61511
844.111328125	n/a	432186	STATUS	61450
845.611328125	n/a	432954	STATUS	61468
845.978515625	n/a	433142	STATUS	61471
846.7109375	n/a	433517	STATUS	61472
846.986328125	n/a	433658	STATUS	61480
847.99609375	n/a	434175	STATUS	61490
849.486328125	n/a	434938	STATUS	61501
850.162109375	n/a	435284	STATUS	61511
850.412109375	n/a	435412	STATUS	61450
851.912109375	n/a	436180	STATUS	61468
852.279296875	n/a	436368	STATUS	61471
853.01171875	n/a	436743	STATUS	61472
853.287109375	n/a	436884	STATUS	61480
854.294921875	n/a	437400	STATUS	61490
855.771484375	n/a	438156	STATUS	61501
856.544921875	n/a	438552	STATUS	61511
856.794921875	n/a	438680	STATUS	61450
858.296875	n/a	439449	STATUS	61463
858.662109375	n/a	439636	STATUS	61471
858.9375	n/a	439777	STATUS	61472
859.671875	n/a	440153	STATUS	61480
860.6796875	n/a	440669	STATUS	61490
862.00390625	n/a	441347	STATUS	61501
862.60546875	n/a	441655	STATUS	61510
862.85546875	n/a	441783	STATUS	61450
864.35546875	n/a	442551	STATUS	61463
864.720703125	n/a	442738	STATUS	61471
864.99609375	n/a	442879	STATUS	61472
865.73046875	n/a	443255	STATUS	61480
866.73828125	n/a	443771	STATUS	61490
867.98046875	n/a	444407	STATUS	61501
868.5625	n/a	444705	STATUS	61510
868.814453125	n/a	444834	STATUS	61450
870.314453125	n/a	445602	STATUS	61463
870.6796875	n/a	445789	STATUS	61471
870.955078125	n/a	445930	STATUS	61472
871.689453125	n/a	446306	STATUS	61480
872.697265625	n/a	446822	STATUS	61490
874.447265625	n/a	447718	STATUS	61501
875.0546875	n/a	448029	STATUS	61510
875.3046875	n/a	448157	STATUS	61450
876.806640625	n/a	448926	STATUS	61463
877.171875	n/a	449113	STATUS	61471
877.447265625	n/a	449254	STATUS	61472
878.181640625	n/a	449630	STATUS	61480
879.189453125	n/a	450146	STATUS	61490
880.9140625	n/a	451029	STATUS	61500
881.45703125	n/a	451307	STATUS	61510
881.70703125	n/a	451435	STATUS	61450
883.20703125	n/a	452203	STATUS	61468
883.572265625	n/a	452390	STATUS	61471
884.306640625	n/a	452766	STATUS	61472
884.58203125	n/a	452907	STATUS	61480
885.58984375	n/a	453423	STATUS	61490
886.947265625	n/a	454118	STATUS	61501
887.7890625	n/a	454549	STATUS	61511
888.0390625	n/a	454677	STATUS	61450
889.541015625	n/a	455446	STATUS	61468
889.90625	n/a	455633	STATUS	61471
890.640625	n/a	456009	STATUS	61472
890.916015625	n/a	456150	STATUS	61480
891.923828125	n/a	456666	STATUS	61490
893.515625	n/a	457481	STATUS	61500
894.232421875	n/a	457848	STATUS	61511
894.482421875	n/a	457976	STATUS	61450
895.982421875	n/a	458744	STATUS	61468
896.349609375	n/a	458932	STATUS	61471
897.08203125	n/a	459307	STATUS	61472
897.357421875	n/a	459448	STATUS	61480
898.365234375	n/a	459964	STATUS	61490
899.916015625	n/a	460758	STATUS	61501
900.58203125	n/a	461099	STATUS	61511
900.83203125	n/a	461227	STATUS	61450
902.33203125	n/a	461995	STATUS	61463
902.69921875	n/a	462183	STATUS	61471
902.974609375	n/a	462324	STATUS	61472
903.70703125	n/a	462699	STATUS	61480
904.716796875	n/a	463216	STATUS	61490
906.216796875	n/a	463984	STATUS	61501
907.525390625	n/a	464654	STATUS	61511
907.775390625	n/a	464782	STATUS	61450
909.275390625	n/a	465550	STATUS	61463
909.642578125	n/a	465738	STATUS	61471
909.916015625	n/a	465878	STATUS	61472
910.650390625	n/a	466254	STATUS	61480
911.658203125	n/a	466770	STATUS	61490
913.1171875	n/a	467517	STATUS	61501
913.7421875	n/a	467837	STATUS	61511
913.9921875	n/a	467965	STATUS	61450
915.4921875	n/a	468733	STATUS	61463
915.859375	n/a	468921	STATUS	61471
916.134765625	n/a	469062	STATUS	61472
916.8671875	n/a	469437	STATUS	61480
917.875	n/a	469953	STATUS	61490
919.333984375	n/a	470700	STATUS	61500
919.943359375	n/a	471012	STATUS	61510
920.193359375	n/a	471140	STATUS	61450
921.693359375	n/a	471908	STATUS	61468
922.05859375	n/a	472095	STATUS	61471
922.79296875	n/a	472471	STATUS	61472
923.068359375	n/a	472612	STATUS	61480
924.076171875	n/a	473128	STATUS	61490
925.376953125	n/a	473794	STATUS	61501
926.025390625	n/a	474126	STATUS	61510
926.275390625	n/a	474254	STATUS	61450
927.77734375	n/a	475023	STATUS	61468
928.142578125	n/a	475210	STATUS	61471
928.876953125	n/a	475586	STATUS	61472
929.15234375	n/a	475727	STATUS	61480
930.16015625	n/a	476243	STATUS	61490
931.609375	n/a	476985	STATUS	61501
932.484375	n/a	477433	STATUS	61511
932.734375	n/a	477561	STATUS	61450
934.234375	n/a	478329	STATUS	61463
934.6015625	n/a	478517	STATUS	61471
934.876953125	n/a	478658	STATUS	61472
935.609375	n/a	479033	STATUS	61480
936.619140625	n/a	479550	STATUS	61490
937.876953125	n/a	480194	STATUS	61500
938.7109375	n/a	480621	STATUS	61510
938.9609375	n/a	480749	STATUS	61450
940.4609375	n/a	481517	STATUS	61468
940.828125	n/a	481705	STATUS	61471
941.560546875	n/a	482080	STATUS	61472
941.8359375	n/a	482221	STATUS	61480
942.84375	n/a	482737	STATUS	61490
945.078125	n/a	483881	STATUS	61500
945.810546875	n/a	484256	STATUS	61511
946.060546875	n/a	484384	STATUS	61450
947.560546875	n/a	485152	STATUS	61468
947.927734375	n/a	485340	STATUS	61471
948.662109375	n/a	485716	STATUS	61472
948.935546875	n/a	485856	STATUS	61480
949.9453125	n/a	486373	STATUS	61490
951.736328125	n/a	487290	STATUS	61501
952.37890625	n/a	487619	STATUS	61511
952.62890625	n/a	487747	STATUS	61450
954.12890625	n/a	488515	STATUS	61463
954.494140625	n/a	488702	STATUS	61471
954.76953125	n/a	488843	STATUS	61472
955.50390625	n/a	489219	STATUS	61480
956.51171875	n/a	489735	STATUS	61490
957.837890625	n/a	490414	STATUS	61501
958.287109375	n/a	490644	STATUS	61510
958.537109375	n/a	490772	STATUS	61450
960.037109375	n/a	491540	STATUS	61463
960.404296875	n/a	491728	STATUS	61471
960.6796875	n/a	491869	STATUS	61472
961.412109375	n/a	492244	STATUS	61480
962.419921875	n/a	492760	STATUS	61490
964.154296875	n/a	493648	STATUS	61501
965.37890625	n/a	494275	STATUS	61510
965.62890625	n/a	494403	STATUS	61450
967.12890625	n/a	495171	STATUS	61463
967.49609375	n/a	495359	STATUS	61471
967.771484375	n/a	495500	STATUS	61472
968.50390625	n/a	495875	STATUS	61480
969.513671875	n/a	496392	STATUS	61490
970.73828125	n/a	497019	STATUS	61501
971.171875	n/a	497241	STATUS	61510
971.421875	n/a	497369	STATUS	61450
972.921875	n/a	498137	STATUS	61463
973.2890625	n/a	498325	STATUS	61471
973.5625	n/a	498465	STATUS	61472
974.296875	n/a	498841	STATUS	61480
975.3046875	n/a	499357	STATUS	61490
976.24609375	n/a	499839	STATUS	61501
976.896484375	n/a	500172	STATUS	61510
977.146484375	n/a	500300	STATUS	61450
978.646484375	n/a	501068	STATUS	61468
979.013671875	n/a	501256	STATUS	61471
979.74609375	n/a	501631	STATUS	61472
980.021484375	n/a	501772	STATUS	61480
981.03125	n/a	502289	STATUS	61490
982.60546875	n/a	503095	STATUS	61500
983.388671875	n/a	503496	STATUS	61511
983.638671875	n/a	503624	STATUS	61450
985.138671875	n/a	504392	STATUS	61463
985.505859375	n/a	504580	STATUS	61471
985.78125	n/a	504721	STATUS	61472
986.513671875	n/a	505096	STATUS	61480
987.5234375	n/a	505613	STATUS	61490
988.880859375	n/a	506308	STATUS	61501
989.46484375	n/a	506607	STATUS	61510
989.71484375	n/a	506735	STATUS	61450
991.21484375	n/a	507503	STATUS	61463
991.58203125	n/a	507691	STATUS	61471
991.85546875	n/a	507831	STATUS	61472
992.58984375	n/a	508207	STATUS	61480
993.59765625	n/a	508723	STATUS	61490
994.58203125	n/a	509227	STATUS	61500
994.982421875	n/a	509432	STATUS	61511
995.232421875	n/a	509560	STATUS	61450
996.732421875	n/a	510328	STATUS	61463
997.09765625	n/a	510515	STATUS	61471
997.373046875	n/a	510656	STATUS	61472
998.107421875	n/a	511032	STATUS	61480
999.115234375	n/a	511548	STATUS	61490
999.515625	n/a	511753	STATUS	61501
999.998046875	n/a	512000	STATUS	61511
1000.248046875	n/a	512128	STATUS	61450
1001.748046875	n/a	512896	STATUS	61463
1002.115234375	n/a	513084	STATUS	61471
1002.390625	n/a	513225	STATUS	61472
1003.123046875	n/a	513600	STATUS	61480
1004.1328125	n/a	514117	STATUS	61490
1005.1328125	n/a	514629	STATUS	61500
1005.75	n/a	514945	STATUS	61511
1006	n/a	515073	STATUS	61450
1007.5	n/a	515841	STATUS	61463
1007.865234375	n/a	516028	STATUS	61471
1008.140625	n/a	516169	STATUS	61472
1008.875	n/a	516545	STATUS	61480
1009.8828125	n/a	517061	STATUS	61490
1011.06640625	n/a	517667	STATUS	61500
1011.765625	n/a	518025	STATUS	61510
1012.015625	n/a	518153	STATUS	61450
1013.515625	n/a	518921	STATUS	61463
1013.8828125	n/a	519109	STATUS	61471
1014.158203125	n/a	519250	STATUS	61472
1014.890625	n/a	519625	STATUS	61480
1015.900390625	n/a	520142	STATUS	61490
1017.017578125	n/a	520714	STATUS	61501
1017.466796875	n/a	520944	STATUS	61510
1017.716796875	n/a	521072	STATUS	61450
1019.216796875	n/a	521840	STATUS	61463
1019.583984375	n/a	522028	STATUS	61471
1019.859375	n/a	522169	STATUS	61472
1020.591796875	n/a	522544	STATUS	61480
1021.599609375	n/a	523060	STATUS	61490
1022.859375	n/a	523705	STATUS	61500
1023.400390625	n/a	523982	STATUS	61511
1023.650390625	n/a	524110	STATUS	61450
1025.150390625	n/a	524878	STATUS	61468
1025.517578125	n/a	525066	STATUS	61471
1026.25	n/a	525441	STATUS	61472
1026.525390625	n/a	525582	STATUS	61480
1027.533203125	n/a	526098	STATUS	61490
1028.875	n/a	526785	STATUS	61501
1029.509765625	n/a	527110	STATUS	61511
1029.759765625	n/a	527238	STATUS	61450
1031.259765625	n/a	528006	STATUS	61463
1031.626953125	n/a	528194	STATUS	61471
1031.900390625	n/a	528334	STATUS	61472
1032.634765625	n/a	528710	STATUS	61480
1033.642578125	n/a	529226	STATUS	61490
1035.142578125	n/a	529994	STATUS	61501
1035.65234375	n/a	530255	STATUS	61511
1035.90234375	n/a	530383	STATUS	61450
1037.40234375	n/a	531151	STATUS	61463
1037.767578125	n/a	531338	STATUS	61471
1038.04296875	n/a	531479	STATUS	61472
1038.77734375	n/a	531855	STATUS	61480
1039.78515625	n/a	532371	STATUS	61490
1041.134765625	n/a	533062	STATUS	61501
1041.634765625	n/a	533318	STATUS	61510
1041.884765625	n/a	533446	STATUS	61450
1043.384765625	n/a	534214	STATUS	61468
1043.751953125	n/a	534402	STATUS	61471
1044.486328125	n/a	534778	STATUS	61472
1044.759765625	n/a	534918	STATUS	61480
1045.76953125	n/a	535435	STATUS	61490
1047.302734375	n/a	536220	STATUS	61501
1048.126953125	n/a	536642	STATUS	61511
1048.376953125	n/a	536770	STATUS	61450
1049.876953125	n/a	537538	STATUS	61463
1050.244140625	n/a	537726	STATUS	61471
1050.51953125	n/a	537867	STATUS	61472
1051.251953125	n/a	538242	STATUS	61480
1052.26171875	n/a	538759	STATUS	61490
1053.53515625	n/a	539411	STATUS	61501
1054.310546875	n/a	539808	STATUS	61511
1068.287109375	n/a	546964	STATUS	61694
1069.787109375	n/a	547732	STATUS	61450
1071.287109375	n/a	548500	STATUS	61463
1071.654296875	n/a	548688	STATUS	61471
1071.9296875	n/a	548829	STATUS	61472
1072.662109375	n/a	549204	STATUS	61480
1073.671875	n/a	549721	STATUS	61490
1075.720703125	n/a	550770	STATUS	61500
1076.6875	n/a	551265	STATUS	61510
1076.9375	n/a	551393	STATUS	61450
1078.4375	n/a	552161	STATUS	61468
1078.8046875	n/a	552349	STATUS	61471
1079.5390625	n/a	552725	STATUS	61472
1079.8125	n/a	552865	STATUS	61480
1080.822265625	n/a	553382	STATUS	61490
1081.880859375	n/a	553924	STATUS	61501
1082.59765625	n/a	554291	STATUS	61511
1082.84765625	n/a	554419	STATUS	61450
1084.34765625	n/a	555187	STATUS	61463
1084.712890625	n/a	555374	STATUS	61471
1084.98828125	n/a	555515	STATUS	61472
1085.72265625	n/a	555891	STATUS	61480
1086.73046875	n/a	556407	STATUS	61490
1088.10546875	n/a	557111	STATUS	61501
1088.564453125	n/a	557346	STATUS	61511
1088.814453125	n/a	557474	STATUS	61450
1090.314453125	n/a	558242	STATUS	61463
1090.6796875	n/a	558429	STATUS	61471
1090.955078125	n/a	558570	STATUS	61472
1091.689453125	n/a	558946	STATUS	61480
1092.697265625	n/a	559462	STATUS	61490
1094.130859375	n/a	560196	STATUS	61500
1094.6484375	n/a	560461	STATUS	61511
1094.8984375	n/a	560589	STATUS	61450
1096.3984375	n/a	561357	STATUS	61463
1096.763671875	n/a	561544	STATUS	61471
1097.0390625	n/a	561685	STATUS	61472
1097.7734375	n/a	562061	STATUS	61480
1098.78125	n/a	562577	STATUS	61490
1099.798828125	n/a	563098	STATUS	61501
1100.439453125	n/a	563426	STATUS	61510
1100.689453125	n/a	563554	STATUS	61450
1102.189453125	n/a	564322	STATUS	61463
1102.556640625	n/a	564510	STATUS	61471
1102.83203125	n/a	564651	STATUS	61472
1103.564453125	n/a	565026	STATUS	61480
1104.57421875	n/a	565543	STATUS	61490
1105.65625	n/a	566097	STATUS	61501
1106.19921875	n/a	566375	STATUS	61510
1106.44921875	n/a	566503	STATUS	61450
1107.94921875	n/a	567271	STATUS	61468
1108.314453125	n/a	567458	STATUS	61471
1109.048828125	n/a	567834	STATUS	61472
1109.32421875	n/a	567975	STATUS	61480
1110.33203125	n/a	568491	STATUS	61490
1111.408203125	n/a	569042	STATUS	61501
1112.0234375	n/a	569357	STATUS	61511
1112.2734375	n/a	569485	STATUS	61450
1113.7734375	n/a	570253	STATUS	61463
1114.140625	n/a	570441	STATUS	61471
1114.416015625	n/a	570582	STATUS	61472
1115.1484375	n/a	570957	STATUS	61480
1116.158203125	n/a	571474	STATUS	61490
1117.5	n/a	572161	STATUS	61501
1118.341796875	n/a	572592	STATUS	61511
1118.591796875	n/a	572720	STATUS	61450
1120.091796875	n/a	573488	STATUS	61468
1120.45703125	n/a	573675	STATUS	61471
1121.19140625	n/a	574051	STATUS	61472
1121.466796875	n/a	574192	STATUS	61480
1122.474609375	n/a	574708	STATUS	61490
1124.541015625	n/a	575766	STATUS	61501
1125.19140625	n/a	576099	STATUS	61510
1125.44140625	n/a	576227	STATUS	61450
1126.94140625	n/a	576995	STATUS	61468
1127.30859375	n/a	577183	STATUS	61471
1128.041015625	n/a	577558	STATUS	61472
1128.31640625	n/a	577699	STATUS	61480
1129.326171875	n/a	578216	STATUS	61490
1131.642578125	n/a	579402	STATUS	61501
1132.8671875	n/a	580029	STATUS	61511
1133.1171875	n/a	580157	STATUS	61450
1134.6171875	n/a	580925	STATUS	61468
1134.984375	n/a	581113	STATUS	61471
1135.716796875	n/a	581488	STATUS	61472
1135.9921875	n/a	581629	STATUS	61480
1137	n/a	582145	STATUS	61490
1138.42578125	n/a	582875	STATUS	61501
1138.9921875	n/a	583165	STATUS	61511
1139.2421875	n/a	583293	STATUS	61450
1140.7421875	n/a	584061	STATUS	61463
1141.109375	n/a	584249	STATUS	61471
1141.384765625	n/a	584390	STATUS	61472
1142.1171875	n/a	584765	STATUS	61480
1143.126953125	n/a	585282	STATUS	61490
1145.068359375	n/a	586276	STATUS	61501
1145.583984375	n/a	586540	STATUS	61510
1145.833984375	n/a	586668	STATUS	61450
1147.3359375	n/a	587437	STATUS	61468
1147.701171875	n/a	587624	STATUS	61471
1148.435546875	n/a	588000	STATUS	61472
1148.7109375	n/a	588141	STATUS	61480
1149.71875	n/a	588657	STATUS	61490
1152.16796875	n/a	589911	STATUS	61501
1152.8515625	n/a	590261	STATUS	61511
1153.1015625	n/a	590389	STATUS	61450
1154.6015625	n/a	591157	STATUS	61463
1154.96875	n/a	591345	STATUS	61471
1155.244140625	n/a	591486	STATUS	61472
1155.9765625	n/a	591861	STATUS	61480
1156.986328125	n/a	592378	STATUS	61490
1158.052734375	n/a	592924	STATUS	61500
1158.927734375	n/a	593372	STATUS	61510
1159.177734375	n/a	593500	STATUS	61450
1160.677734375	n/a	594268	STATUS	61463
1161.044921875	n/a	594456	STATUS	61471
1161.3203125	n/a	594597	STATUS	61472
1162.052734375	n/a	594972	STATUS	61480
1163.060546875	n/a	595488	STATUS	61490
1164.01171875	n/a	595975	STATUS	61501
1164.744140625	n/a	596350	STATUS	61510
1164.994140625	n/a	596478	STATUS	61450
1166.494140625	n/a	597246	STATUS	61463
1166.861328125	n/a	597434	STATUS	61471
1167.13671875	n/a	597575	STATUS	61472
1167.869140625	n/a	597950	STATUS	61480
1168.87890625	n/a	598467	STATUS	61490
1170.111328125	n/a	599098	STATUS	61501
1170.6875	n/a	599393	STATUS	61510
1170.9375	n/a	599521	STATUS	61450
1172.4375	n/a	600289	STATUS	61468
1172.802734375	n/a	600476	STATUS	61471
1173.537109375	n/a	600852	STATUS	61472
1173.8125	n/a	600993	STATUS	61480
1174.8203125	n/a	601509	STATUS	61490
1176.044921875	n/a	602136	STATUS	61500
1176.794921875	n/a	602520	STATUS	61511
1177.044921875	n/a	602648	STATUS	61450
1178.544921875	n/a	603416	STATUS	61468
1178.912109375	n/a	603604	STATUS	61471
1179.646484375	n/a	603980	STATUS	61472
1179.919921875	n/a	604120	STATUS	61480
1180.9296875	n/a	604637	STATUS	61490
1182.013671875	n/a	605192	STATUS	61500
1182.830078125	n/a	605610	STATUS	61511
1183.080078125	n/a	605738	STATUS	61450
1184.580078125	n/a	606506	STATUS	61463
1184.9453125	n/a	606693	STATUS	61471
1185.220703125	n/a	606834	STATUS	61472
1185.955078125	n/a	607210	STATUS	61480
1186.962890625	n/a	607726	STATUS	61490
1188.279296875	n/a	608400	STATUS	61501
1189.671875	n/a	609113	STATUS	61511
1189.921875	n/a	609241	STATUS	61450
1191.421875	n/a	610009	STATUS	61463
1191.7890625	n/a	610197	STATUS	61471
1192.064453125	n/a	610338	STATUS	61472
1192.796875	n/a	610713	STATUS	61480
1193.8046875	n/a	611229	STATUS	61490
1195.1796875	n/a	611933	STATUS	61501
1196.61328125	n/a	612667	STATUS	61510
1196.86328125	n/a	612795	STATUS	61450
1198.36328125	n/a	613563	STATUS	61463
1198.73046875	n/a	613751	STATUS	61471
1199.005859375	n/a	613892	STATUS	61472
1199.73828125	n/a	614267	STATUS	61480
1200.748046875	n/a	614784	STATUS	61490
1201.955078125	n/a	615402	STATUS	61501
1202.689453125	n/a	615778	STATUS	61510
1202.939453125	n/a	615906	STATUS	61450
1204.439453125	n/a	616674	STATUS	61463
1204.806640625	n/a	616862	STATUS	61471
1205.08203125	n/a	617003	STATUS	61472
1205.814453125	n/a	617378	STATUS	61480
1206.822265625	n/a	617894	STATUS	61490
1208.123046875	n/a	618560	STATUS	61501
1208.84765625	n/a	618931	STATUS	61511
